Alive,Variability

False,1.8116402116402117
False,2.0814814814814815
False,1.5514403292181072
False,2.7647095134350037
False,3.2633636363636365
False,2.7647095134350037
False,3.2633636363636365
False,2.7647095134350037
False,3.2633636363636365
False,2.7647095134350037
False,3.2633636363636365
False,2.7647095134350037
False,3.2633636363636365
